image_id,x1,y1,x2,y2
'000cc0cd61c6c8d7.jpg',237,224,368,484
'004a688b02428848.jpg',316,288,394,507
'007e2d0680208072.jpg',411,142,608,364
'0081d67c4cfc9134.jpg',434,176,544,319
'00824274fbef9c93.jpg',259,260,341,466
'0097fb7387049d8b.jpg',411,73,621,332
'0098312a40cabb46.jpg',131,68,454,534
'00d5b7d68d52ac56.jpg',284,242,394,470
'00e64d002478816c.jpg',461,219,571,380
'01001bfe5b392d42.jpg',280,224,371,466
'010ee894cfeb8e2d.jpg',416,146,530,295
'013543040c660f1e.jpg',489,189,608,338
'01434c748b9d4c34.jpg',296,251,379,466
'0199bbd8f37992b9.jpg',282,251,371,461
'01a105e0cd997b28.jpg',429,286,608,475
'020517b9eff94e00.jpg',420,149,548,283
'02291ca49df995f6.jpg',271,274,359,461
'023e111345bab1c0.jpg',416,185,521,339
'0243459de7a4b0ce.jpg',315,233,408,461
'02d74d7e6e3bf01b.jpg',379,154,512,323
'02d9ec5d9bf105d3.jpg',416,155,534,304
'0336f9e8980b56cb.jpg',329,127,516,324
'0361982104d8758a.jpg',227,246,312,498
'0369ba5f1ca089fd.jpg',279,246,361,461
'0376e7c0565b8a67.jpg',379,219,489,380
'03b9b2c1f32493ea.jpg',457,149,576,307
'03fbe696bd10043e.jpg',406,136,525,288
'03fe1cda88f76e1b.jpg',242,224,340,448
'0499af873e64f06d.jpg',384,185,493,349
'049a3c6f883fa3d5.jpg',425,75,589,315
'049f8dff14552fa9.jpg',286,342,390,544
'04b5f10976b47b46.jpg',397,161,530,349
'04bb072f2b1535bc.jpg',365,146,507,286
'04c21aaeb77d3b63.jpg',265,278,350,484
'053c0837aec2eed9.jpg',598,192,722,371
'0596a69ff928037c.jpg',434,188,548,366
'05b9c0f137e6173d.jpg',438,161,566,307
'06504dd409b1edc6.jpg',438,152,571,325
'0656bcefcc6843fa.jpg',180,86,492,489
'066270658e88aa98.jpg',327,246,431,475
'06a3b72f9fc3e6d4.jpg',466,174,576,317
'06d916b9a20fd91f.jpg',223,278,295,480
'06e7adfa2a4e1424.jpg',493,133,603,308
'06f3dcc17229efa6.jpg',425,149,525,311
'0705e96910fdec57.jpg',301,90,672,537
'0709b12343ba67b3.jpg',315,187,421,416
'07390630efc3c87c.jpg',297,246,399,475
'075601cd61ea9333.jpg',338,164,553,461
'0771d1210094397f.jpg',539,162,822,466
'07842d3326fb5345.jpg',268,242,344,448
'07af3013279aab3b.jpg',457,157,571,322
'07e366d2defc52e2.jpg',438,154,544,294
'07e7da610a395c17.jpg',268,301,354,521
'07fd752228bcac18.jpg',260,416,500,740
'0847cdfc227e1ab8.jpg',275,228,375,480
'086b00949910e8a3.jpg',420,140,530,290
'086e52440e08f448.jpg',347,168,475,360
'0873e0bfa9309e2f.jpg',339,274,428,462
'087e3f0e5d568c52.jpg',253,210,391,498
'08eb2407d7c88b7a.jpg',388,188,516,327
'090aa8acb7def106.jpg',282,169,428,475
'090e4985928f82aa.jpg',118,210,466,644
'091df0028684f002.jpg',233,41,667,600
'095815e89af247c3.jpg',318,274,408,480
'0987499205524de9.jpg',457,161,571,314
'098ca2302677fff6.jpg',219,64,335,315
'09932d97367c7b76.jpg',353,301,678,781
'09e473c0d9bf71e7.jpg',402,167,525,323
'0a1f6ed36f1bd8bf.jpg',200,109,534,626
'0a9ae8f9bf2f8b5c.jpg',298,283,390,489
'0aee61e76d4cf3b5.jpg',325,228,411,443
'0b1659869d490dcd.jpg',274,260,350,480
'0b2f1de705802d0e.jpg',215,269,281,493
'0b3ad3e0b0b3eeca.jpg',411,185,530,353
'0b64e5f8e54fcb6a.jpg',425,283,544,498
'0bb621ebf775cb91.jpg',267,251,355,489
'0be6b78bb96d4c49.jpg',241,224,313,425
'0be97b86c8baf73f.jpg',388,103,640,402
'0c36d40f22eef5f0.jpg',470,181,585,349
'0c45ac46bd15ec17.jpg',282,205,395,434
'0c7c395d73592d1e.jpg',370,170,498,347
'0d0e77bac63adbab.jpg',304,256,384,457
'0d814d06d6948a20.jpg',397,161,507,325
'0d8418e45be346b6.jpg',516,320,649,534
'0de493e8620d5dee.jpg',393,224,516,466
'0e345fa1d8292cbc.jpg',228,242,342,448
'0e8f7b309e275c74.jpg',425,198,553,360
'0e98e2ab07db2620.jpg',387,265,534,548
'0ea4ebe9b162f364.jpg',452,201,571,338
'0ea5e0b4c5a9c42a.jpg',393,120,525,249
'0ea6e459fbb37e9c.jpg',416,137,534,280
'0ead0d4907a8beb6.jpg',274,251,363,466
'0f214dc4d972783e.jpg',457,149,566,295
'0f54110a2772b609.jpg',258,288,340,489
'0f61259829e4cef4.jpg',289,224,432,544
'1003e4c98b30d38b.jpg',322,292,404,489
'1096e6f6fd042a04.jpg',361,164,708,469
'111ab53f870ca58d.jpg',425,212,544,363
'1145d1260aeb252c.jpg',301,214,404,425
'11dcca32be84ee7a.jpg',457,155,571,310
'11dfdab5cea24bb0.jpg',298,251,371,466
'128aa78173186353.jpg',268,242,359,457
'129192d21dad76bc.jpg',225,82,442,457
'12a6c1ec223e171b.jpg',274,269,365,480
'12d1a716a6990ce0.jpg',402,180,507,324
'12d92c1569dbe9c5.jpg',245,228,376,466
'12d95c611849b3c7.jpg',416,175,548,317
'12eff019562a4ab1.jpg',365,123,512,292
'133fd710a999d941.jpg',438,278,566,498
'134c155ba2572eac.jpg',429,161,539,325
'135839876b327579.jpg',452,148,612,325
'1372bfa96fd9f37b.jpg',365,169,507,332
'137e937a6b6f547f.jpg',425,182,548,329
'139b54a4124867ef.jpg',425,185,539,334
'1403543246ecac63.jpg',452,147,571,297
'140f2352dd04fc55.jpg',360,228,468,443
'1428c2584d0880b4.jpg',416,151,548,328
'143e8e7ca370e6e0.jpg',298,269,408,498
'143f08b41f0474b7.jpg',295,288,371,466
'1467d68c75854b88.jpg',429,246,562,426
'14c5532170d056ea.jpg',274,306,386,530
'14c862f07ca54811.jpg',158,118,454,612
'15d472b07a66c7bf.jpg',251,246,339,466
'15dcd8bd5f87f58a.jpg',200,246,322,525
'15e95964614a1499.jpg',347,137,480,329
'15f88e9e2ecf3af4.jpg',345,242,434,452
'1609c9413e120812.jpg',452,174,571,342
'16550766a07ba0f3.jpg',364,265,466,461
'16b41120e06187a0.jpg',393,158,534,325
'1727b83f56fd4f67.jpg',290,269,369,484
'175d4423b0a9018c.jpg',425,170,530,323
'1784e218767a84b1.jpg',301,196,396,434
'17868c7559926c08.jpg',303,260,393,484
'17b18705a1d4550e.jpg',406,161,534,314
'181c2bf0e3b8ea53.jpg',475,185,580,320
'18226c8767553fb5.jpg',370,209,502,363
'187ae315d9ad73b4.jpg',270,210,376,443
'1887c45954701b6e.jpg',507,142,630,297
'188c72ac3cf5be5a.jpg',425,274,548,489
'18e886a64da7373a.jpg',283,60,539,359
'18ed0229e31ccfa7.jpg',254,155,363,361
'1906031fc5dec225.jpg',246,30,589,397
'19220ef50c0f199c.jpg',283,205,388,411
'1993c8ea90103001.jpg',262,301,371,489
'19f9378635fcc2b4.jpg',185,141,448,580
'1a14f22414a2bab1.jpg',397,233,534,443
'1a2cebdb5a1f11fd.jpg',375,306,466,502
'1a5e7eedc3d7d693.jpg',384,174,562,384
'1a74b2bd41446529.jpg',361,136,484,306
'1ab424a072664776.jpg',300,283,372,484
'1ace59fa07cef07b.jpg',438,209,557,363
'1ae9cfd4bfd23256.jpg',325,283,425,470
'1b0163bec3ed0a91.jpg',461,159,576,302
'1b4c875b75301d13.jpg',425,125,562,287
'1b5800cddbfdf4f6.jpg',416,138,539,272
'1b7d57e3b8dff48c.jpg',416,216,544,366
'1b91bbfc1a4b74ef.jpg',212,228,390,534
'1bb8c3b195269530.jpg',303,320,380,521
'1bd1bb9442164e28.jpg',283,205,435,475
'1d5a539d48254e2e.jpg',416,161,548,310
'1d6ab0c7f3def16b.jpg',388,164,502,310
'1d713f76ada967e1.jpg',256,214,342,443
'1d777a1abd1029c0.jpg',393,195,521,370
'1e09846987a65f66.jpg',315,128,589,378
'1e3373d580c81395.jpg',365,212,507,377
'1e63efeb9094cb0d.jpg',298,222,394,366
'1e6579d313b3b434.jpg',406,142,525,327
'1ecaeb1cb17b9329.jpg',237,324,518,717
'1ef199b29956d816.jpg',429,198,553,366
'1f2030379cb83dcc.jpg',233,112,480,378
'1f38a0069a780083.jpg',341,283,449,493
'1f4fde05f795b3dc.jpg',406,198,507,360
'1fc4d26360bc5d5d.jpg',289,256,381,443
'1fe1c7f6f69e1278.jpg',448,174,562,332
'1fe1d6e0b83f7b5c.jpg',617,127,818,393
'1ffb5b8e0243b6ac.jpg',264,260,337,475
'209d5baabd1d23e0.jpg',448,195,544,353
'210915473f40c687.jpg',356,180,498,326
'211af4e4f094e19e.jpg',406,195,516,360
'212e12cfed91a76b.jpg',452,185,585,384
'2179393c7eef96f0.jpg',461,260,580,466
'21d4170bed981be1.jpg',264,41,541,507
'221e69ce82890d2e.jpg',402,120,621,394
'22227a8082c115e2.jpg',262,237,356,466
'2229a1741a8ecec5.jpg',402,150,553,306
'2240f378b0f63551.jpg',448,148,557,311
'224db15b804b1cc0.jpg',443,242,603,489
'226d2e6d34d5f90f.jpg',226,160,418,480
'22b79d12683e3984.jpg',425,260,534,475
'22f5e08c039bef8e.jpg',242,260,317,480
'230000e1c3a0acab.jpg',301,260,397,480
'234e65dc37795eed.jpg',332,246,641,649
'23758f10ed7923c2.jpg',393,161,502,304
'23945caa77dd9cdd.jpg',271,260,365,498
'239a663cc7ff31ac.jpg',420,178,534,349
'23b77a03893c1470.jpg',443,137,557,295
'24a9da185542b0f4.jpg',258,320,443,681
'24ca2814de6cded6.jpg',420,200,525,400
'24e5854404135b28.jpg',338,128,544,332
'24e95619b445cf77.jpg',461,158,571,326
'2529b38104507fd0.jpg',425,229,548,394
'254b8a148451e5df.jpg',416,181,525,353
'254d821065b674ef.jpg',284,242,369,461
'25788a795ba0d072.jpg',355,224,593,557
'258d2147845ea898.jpg',288,274,384,498
'259916bc8fd50436.jpg',284,288,361,493
'25a7a462b1e51c39.jpg',448,115,562,272
'25b5366fd785c405.jpg',406,140,530,302
'25bafdf24f4bf948.jpg',429,137,553,294
'25c3adb9d91d6cef.jpg',345,233,427,443
'260773804d844d53.jpg',461,192,580,339
'2633905fdf43e90e.jpg',420,199,562,435
'26513a0d0e6fd2b6.jpg',434,94,553,236
'2689e07d9c07eb9e.jpg',388,167,521,340
'2699350613a915b6.jpg',402,171,594,408
'26c62c9a9749a6b5.jpg',377,315,488,516
'26dc6885458ea1f2.jpg',244,324,320,512
'26ebe841f8563ffc.jpg',310,72,530,264
'26ec08977c9c80a5.jpg',288,242,394,461
'2727e345bac2105b.jpg',374,160,502,308
'27497f21bfb80f06.jpg',416,202,530,356
'275c10ede6ae646b.jpg',388,157,525,336
'277d8071d4462667.jpg',388,213,502,374
'278c213d8ce5acee.jpg',393,143,507,295
'27b2728b05fe8ee0.jpg',254,256,376,498
'27dfeb895385edea.jpg',243,233,318,452
'27fdd615d4b35060.jpg',379,146,521,335
'288c6e2a01ac19ac.jpg',352,182,626,460
'289bd5ca42b63c2d.jpg',406,164,525,301
'28ca9d2f176da7b5.jpg',253,256,347,484
'29215976e47120fa.jpg',248,214,333,425
'292f7124eb42e98a.jpg',443,144,544,259
'294c4dc7587d1d77.jpg',379,121,630,393
'294d471b0e68331d.jpg',379,160,525,359
'2962b320b6259fbe.jpg',397,174,512,324
'296b6b729897f352.jpg',443,198,548,365
'298ad230e4895aea.jpg',502,12,827,384
'29a5d345b46c5714.jpg',286,246,365,461
'29a8091e2078fb74.jpg',289,278,371,475
'29c504b55c047d6c.jpg',250,246,323,461
'2a1a67c759eeeb36.jpg',397,198,516,345
'2a7ee55be7bb25ef.jpg',493,200,608,343
'2a9d70ceb1c8988d.jpg',393,188,507,356
'2b196ce6440a60f3.jpg',425,161,530,332
'2b29b0237fb48e9e.jpg',229,274,332,525
'2b2aa1d14742ffea.jpg',384,155,502,307
'2b63cf2d4a5370a0.jpg',406,136,521,294
'2bd28f161ef292a0.jpg',406,146,548,307
'2bd82627a7540221.jpg',461,195,571,323
'2c56c1a6d968edf6.jpg',370,137,475,283
'2ca3e844c9e68b58.jpg',301,160,572,562
'2cacea1169b122b4.jpg',434,164,548,336
'2cc9a43527ddde6b.jpg',388,204,512,372
'2cff7385702a0d9e.jpg',290,269,406,566
'2d48fda0f2af9f3b.jpg',292,256,365,480
'2d7136b1604e7dc2.jpg',461,152,576,311
'2d78fd6d82bfd504.jpg',388,42,699,437
'2d89e72ba55de898.jpg',425,133,530,264
'2da714cfb58b4c77.jpg',342,278,498,539
'2dcaac5d24208129.jpg',393,157,521,346
'2dd2075725815f81.jpg',236,242,382,512
'2e096748ea302ac5.jpg',461,150,571,272
'2e3ffc9a5c09f711.jpg',342,65,667,500
'2e4321b09ff5a3a5.jpg',420,226,548,361
'2e4ad7587b99f6ce.jpg',310,181,463,380
'2e8dbc4b610a2ab4.jpg',416,164,539,339
'2eb73c9776f177c4.jpg',393,179,516,323
'2f0b94e6d1c5e95e.jpg',301,185,459,452
'2f1840edd3bb3e2e.jpg',356,242,435,457
'2f2b70f0411dade5.jpg',438,178,539,342
'2f2e542ea31fded5.jpg',434,140,562,304
'2f3e381fb6dbe4f3.jpg',384,195,553,373
'2f44bf0805bf06f6.jpg',438,161,544,304
'2f48b18030c268c8.jpg',425,189,525,326
'2f6237bc3de0ce14.jpg',277,219,418,498
'2f76a03cba54ec43.jpg',443,212,566,373
'2fd1e17695d6da99.jpg',448,216,548,380
'301c6509a70192a7.jpg',406,136,544,336
'302c446b411d8036.jpg',416,182,544,347
'3034075af0dc56b3.jpg',339,306,428,512
'30380dc8cc31ce56.jpg',452,139,566,294
'3099fc6473713c03.jpg',370,85,493,251
'30a700c8dcb2666f.jpg',448,143,571,298
'30d34bb9db2ccaab.jpg',356,144,566,364
'30d56d031b48161b.jpg',243,342,362,557
'30e92fed4b1d1d5d.jpg',286,329,371,530
'314c5aeebfade3b5.jpg',434,161,548,304
'318fcb87829119f7.jpg',221,306,278,493
'31ab7ffff153fa3b.jpg',498,200,676,428
'320c5c1eda882373.jpg',393,173,502,323
'32212f1e06265f31.jpg',361,135,498,320
'32485c304fd55ab5.jpg',294,224,418,466
'325630efdf5048b1.jpg',384,125,512,293
'328f36b3efc0b0c5.jpg',225,192,507,617
'32933c2bd517f182.jpg',397,212,534,373
'32cd6d9a2e9d0feb.jpg',272,278,351,493
'3310c76c49c80a79.jpg',420,162,585,376
'331486cfbc6c9e46.jpg',411,292,525,502
'338ac960c03c9d01.jpg',264,178,368,429
'33b5df84041fd9ee.jpg',452,171,571,377
'33c1f1e36bdb2d70.jpg',448,142,562,294
'33dbe9cf8c1c8dd8.jpg',379,145,502,300
'33f316a2e36c8eb5.jpg',342,164,461,349
'33f60f2d2471d61e.jpg',443,182,566,331
'3441b63b3e196296.jpg',365,140,507,286
'346a288684bb3c40.jpg',434,153,562,343
'3482cebe2812ac6a.jpg',270,265,376,480
'34d0eb873241fea3.jpg',443,137,539,298
'34d1ccf191955c7d.jpg',308,201,397,429
'34d9195cf7c9a86a.jpg',374,212,498,366
'34d9e8115cfb6d1a.jpg',402,178,589,457
'34e04b96554f2c12.jpg',265,219,353,470
'34f52f92d41238b7.jpg',378,233,496,489
'354999fbb3a93b90.jpg',268,256,347,470
'355b8b21524e61c6.jpg',406,121,557,280
'356246311576d074.jpg',388,150,507,317
'35ad9ea608ed628d.jpg',289,288,368,493
'35dbe8cbc32a7dd1.jpg',329,198,421,370
'35f85d3d63aa0bce.jpg',356,122,644,348
'360eb525520851e6.jpg',275,50,626,498
'368b4f96d6026d16.jpg',434,182,566,326
'3697b6afa40b6447.jpg',429,198,562,363
'3707e01251b428c3.jpg',307,297,409,507
'37500ca0b23f7202.jpg',420,178,603,335
'377799edb154f080.jpg',365,96,580,247
'378a925c3687d43a.jpg',349,288,443,502
'37a5bdf56ed8473a.jpg',420,155,544,298
'37b43fc83c84aeaa.jpg',434,173,544,326
'37b7440ea2d415c1.jpg',374,204,502,353
'37c51177828aee91.jpg',466,146,580,336
'37c6dda470cc558e.jpg',388,131,580,304
'3815bf63e1e26748.jpg',361,188,498,360
'385e3b5c8cfc4a89.jpg',370,146,516,317
'387e05a9e6714766.jpg',286,265,373,466
'38cf871e297fcddd.jpg',466,164,594,312
'392f54fc6d3a4294.jpg',298,251,418,512
'3958af9b704ddee7.jpg',356,205,489,377
'3968768f9121a734.jpg',235,178,474,571
'39b92dbcaa0fbdf4.jpg',420,212,544,377
'39e3b21ca47af089.jpg',425,205,548,384
'39f16591c457aec1.jpg',388,96,649,521
'3a4aa6f2e2d333cc.jpg',438,148,548,294
'3a5f0c7ddc6bdbe9.jpg',397,179,502,327
'3a8bd02dc6294dd4.jpg',402,140,530,286
'3a8cd44546241b0a.jpg',434,203,553,353
'3aa538300ad6a33b.jpg',305,181,397,363
'3abb97505eb92093.jpg',274,265,381,498
'3ad7c4590661071c.jpg',281,301,363,502
'3ad9921510a143a3.jpg',243,118,383,397
'3ae626396ceb70b5.jpg',397,205,516,361
'3ae8add9d8779169.jpg',443,195,548,360
'3b2a680bc39fdf49.jpg',342,10,612,384
'3b34e7ea85cf0867.jpg',195,242,264,457
'3b6098906cc60344.jpg',429,202,539,370
'3b66514d5a762935.jpg',466,189,576,335
'3b8876894eea035a.jpg',388,198,507,363
'3ba455c4069a2f60.jpg',201,155,417,548
'3bc57a93178fddaa.jpg',352,190,516,368
'3bcf8fc508ae0887.jpg',411,124,521,263
'3bd4fb5799523956.jpg',393,120,534,308
'3befcd1982f0a04a.jpg',241,242,345,512
'3bfdad925d0e7517.jpg',205,55,452,321
'3c28ef6e9b63a127.jpg',448,170,553,320
'3c556803a964672a.jpg',361,161,480,304
'3c5b9dd1a0fbe41d.jpg',388,222,521,390
'3c83761f36944184.jpg',434,202,708,546
'3c9187f4bb6aec93.jpg',281,278,363,489
'3cd2e9e9eb74f0ba.jpg',265,233,353,461
'3ce3a9baaa8a571a.jpg',411,171,539,342
'3d168cb6d4dd455f.jpg',425,72,534,142
'3d9090fab4d4fd14.jpg',388,100,640,375
'3dfbd51d2fc4f887.jpg',353,242,445,461
'3e3b16ae6ed4b2b6.jpg',374,288,491,461
'3e9ee8a88cfc54b5.jpg',420,161,530,304
'3ec46a448c4cedd9.jpg',174,77,443,580
'3ecd9063e1e226ef.jpg',274,278,353,512
'3f5f8de3937f22e5.jpg',411,150,544,323
'3fc1261943da9ae6.jpg',308,187,449,484
'3ffbe603c34fba9e.jpg',466,265,580,498
'402a0e5197e55e71.jpg',315,237,772,777
'405cc8ed60ce2cfa.jpg',303,169,494,562
'4067ace38bf1c3c7.jpg',224,178,372,443
'4083a2742e706e20.jpg',280,269,375,484
'409935e7c73a6d59.jpg',402,155,521,285
'409f8c90cfae84b5.jpg',434,171,530,349
'40b4761f99361196.jpg',170,36,540,530
'40bd976596688a07.jpg',373,301,462,525
'40c493ce7bfb547d.jpg',268,260,341,470
'411c563428866ef6.jpg',352,133,516,307
'411def78dc4b5958.jpg',374,133,489,291
'414d6ff4dc531fc7.jpg',411,159,525,309
'41770a4a36860592.jpg',310,81,525,333
'41b8e0815c8d8e5f.jpg',275,278,346,475
'41cf4b6ce9059577.jpg',374,130,521,294
'42447d0f746e4d7f.jpg',308,228,404,448
'424cb3256cced60a.jpg',397,205,525,425
'42d5d9ecc3c40a84.jpg',425,237,571,502
'42e8c968cb413e7c.jpg',452,219,562,377
'42f6325577afa116.jpg',406,188,544,317
'4302aba47cfe2674.jpg',480,167,608,323
'431f582b869693b2.jpg',443,155,534,294
'431fc1d9f23f7700.jpg',267,297,352,512
'432d05fcf5841a2f.jpg',420,167,534,328
'4367c9a97275fba2.jpg',393,158,544,323
'43aa34d76f549235.jpg',416,158,521,301
'43cc681a679485f3.jpg',379,185,521,349
'44755ee15967e696.jpg',374,187,493,330
'44b64cb91da3b7ae.jpg',344,202,427,363
'4508ca503fec793a.jpg',213,246,325,475
'452e96badc730449.jpg',452,222,585,389
'457896168a3e2e07.jpg',281,251,348,466
'457d4714b9b3faae.jpg',356,106,502,305
'4582adff2c54f19b.jpg',253,333,349,534
'45a037d9dd47b6ad.jpg',234,233,353,438
'45d2f1424c740d0c.jpg',342,164,562,394
'464a647165e84e1a.jpg',379,152,516,304
'4657ba4bc97aa09c.jpg',384,246,493,460
'469722120490450c.jpg',448,184,576,345
'46a7710532f50c00.jpg',329,278,445,502
'46b5e8ba3e3f1674.jpg',438,164,557,323
'46e17eede1054280.jpg',248,269,319,480
'4702c180ffa7d7d9.jpg',402,174,525,342
'47906dba3dbb4034.jpg',271,224,349,448
'47a8b004e1760a35.jpg',324,168,585,469
'47d55e6dac57d5a1.jpg',286,274,377,484
'47e3995d0a41b7bb.jpg',393,158,585,356
'47e62ef552fb49c1.jpg',338,138,484,328
'47e7892f4ede4a0c.jpg',310,192,430,420
'4876f41814f2d47e.jpg',457,260,580,480
'48c4cd66b3586e0f.jpg',466,186,576,326
'48dabdd02233c185.jpg',253,274,341,498
'48ee9f00ef5177e8.jpg',330,205,424,377
'490b6c7ed6810995.jpg',455,256,542,470
'49729cbe3dd30f61.jpg',388,133,530,314
'4993a2d870209aee.jpg',411,142,635,349
'49a280ba0b979db7.jpg',448,189,585,347
'49bbaf4585ac8f50.jpg',402,161,502,307
'4a5077554dc3514c.jpg',393,145,498,297
'4aa1fb8a78d7049b.jpg',270,269,347,489
'4aa2cf0f0400d1f9.jpg',201,109,960,845
'4af59feb9e0cf2c9.jpg',216,224,278,457
'4b10407e0e401430.jpg',304,196,410,452
'4b193306fe07d01f.jpg',381,174,486,349
'4b7f86d41e6d9b15.jpg',379,211,516,388
'4ba802cee731aa4a.jpg',402,185,525,353
'4bb95d4c6c4cba8c.jpg',292,269,396,480
'4bc2f010480bd080.jpg',270,310,359,516
'4be9ac90c4e98530.jpg',420,164,534,317
'4c18a632f911ffd1.jpg',420,229,544,390
'4c6670141fecb75e.jpg',352,112,621,417
'4d1f9e44c0e6e585.jpg',393,144,502,277
'4d57b490b958eb47.jpg',281,274,366,461
'4d6e6298788e7280.jpg',420,161,544,315
'4d7ec47f7c2785c8.jpg',320,224,410,429
'4d8b3cc81caa6a79.jpg',411,206,557,373
'4d9c630bed5bde82.jpg',251,297,336,507
'4daf17c8cbabd6f6.jpg',411,171,539,346
'4dbe7a6b35ef2cbd.jpg',322,288,411,521
'4dfe111d0388e451.jpg',278,292,359,489
'4e0b4bc01122758f.jpg',402,163,489,306
'4e170a8b71fa8c09.jpg',246,224,344,443
'4e51cd8733232363.jpg',293,260,369,461
'4e5ae76deb853d25.jpg',443,131,571,301
'4ea50500b0736424.jpg',318,269,418,484
'4ebec586815e6bc3.jpg',241,310,306,525
'4ec435b8f49d36c1.jpg',274,118,699,548
'4f035ddb86061a94.jpg',256,283,442,585
'4f0b2c7c7c243efe.jpg',466,178,566,336
'4f6c162f32994830.jpg',425,151,548,275
'4f74432b23852825.jpg',420,140,548,322
'4fcda6332c216095.jpg',452,188,576,353
'500f04c3d37e99d9.jpg',461,206,580,416
'5043902e9c4d9bee.jpg',498,139,617,300
'50479ed436edd109.jpg',420,195,525,332
'509fb8db27dd9537.jpg',289,214,425,461
'50c2421fe6b40618.jpg',146,143,374,432
'50d42534f7349295.jpg',475,185,571,338
'50f5b987332de9ae.jpg',233,122,708,531
'51071ce0bbcc45d6.jpg',429,173,539,317
'5122d852c2853ec4.jpg',321,274,422,480
'512fe6d15f854040.jpg',429,174,557,330
'5182bbbfd928c8aa.jpg',448,131,580,277
'51aab61c7a776e3c.jpg',498,118,635,298
'51ac55edf3769f31.jpg',388,167,507,316
'51da567fe042dc78.jpg',374,205,502,373
'51dc26c95ecca152.jpg',280,306,405,525
'51e9d4fd01d4d917.jpg',466,194,626,368
'5203cc6c2c19e0d9.jpg',270,251,385,498
'521dee68c19152fe.jpg',352,140,457,289
'5270c9bbba5d21f6.jpg',438,222,544,373
'5271d857c8d8c0fe.jpg',489,179,598,312
'52b1e6bc5480cf6e.jpg',233,54,606,486
'52be3d1776a90bdf.jpg',420,160,557,330
'53131fa064f6fca6.jpg',292,256,390,484
'53625ff3a649b942.jpg',411,149,530,289
'5401ba7be2164fba.jpg',434,292,548,489
'540b32cfe72d2230.jpg',283,246,418,493
'54119ddb50b45ede.jpg',271,301,375,521
'5420a8d3d5c7e2b8.jpg',374,154,502,356
'545fbb27b677fd08.jpg',429,260,539,480
'54b76da9a1a6bb9b.jpg',379,154,512,339
'54ee1150204be163.jpg',388,137,548,332
'54fbaf81f8d12666.jpg',420,155,544,314
'550ddc6c19ed2e47.jpg',224,11,470,302
'55551789c6b38cda.jpg',251,97,406,295
'55c74cf239447f34.jpg',322,278,414,516
'55c77377bcd0c9a2.jpg',388,188,512,340
'55e361bdae73b1fb.jpg',452,159,580,282
'562c8427c2442630.jpg',352,145,585,333
'56402ffffc18f526.jpg',374,193,493,379
'567fe93fe2c7ffd2.jpg',268,256,350,484
'56809bb0d615a482.jpg',384,146,521,295
'5690d2f757788913.jpg',353,288,445,516
'56916ca29f6879b6.jpg',402,187,534,335
'5696fb6c0578ac99.jpg',434,236,548,384
'56d7f7a9bd219736.jpg',493,130,612,325
'570c37f92c7e34b6.jpg',289,297,384,512
'57a0934ce1535f69.jpg',480,178,845,649
'57ae3a3d6a8a2174.jpg',402,164,553,349
'57b318666b788e9b.jpg',269,195,484,421
'57bc6c5a960a9b24.jpg',265,260,371,480
'57d10dfec1477a4e.jpg',333,167,512,335
'580789f83fb3daee.jpg',342,263,566,572
'581be6c08b9687e2.jpg',336,245,438,444
'581ffe70b66b96ca.jpg',280,242,371,457
'5828a9df7a037289.jpg',379,242,503,452
'584d3b7110a8b865.jpg',280,260,356,475
'589e105997d3d840.jpg',243,256,344,489
'58fde74b7e151435.jpg',448,170,557,325
'591e2898709f0ae5.jpg',325,237,404,438
'594e161c99e7dd8c.jpg',397,161,525,300
'597cb0784986612d.jpg',181,126,579,673
'59800259de1fd34d.jpg',452,181,553,323
'59b80f5524305da8.jpg',342,195,681,548
'5a17dade11ec669a.jpg',416,149,525,298
'5afd14f8fd394547.jpg',270,288,359,484
'5b097242df1cbad6.jpg',180,109,407,512
'5b1cbb9efe65f9b8.jpg',374,46,612,298
'5b6d5e6ba3a00aef.jpg',420,167,530,320
'5b81a49d665136e2.jpg',434,174,530,329
'5b8b3433186a5d0b.jpg',438,188,548,360
'5ba7e76d5b43f56c.jpg',425,76,576,274
'5bb0479775c1bfc7.jpg',448,168,571,336
'5bc1d3f16c077a39.jpg',100,132,534,694
'5bd8aa9cf541e0c9.jpg',420,192,539,356
'5c1b8e7ed4406c9f.jpg',234,214,368,470
'5ca28ad6d8610657.jpg',397,127,507,281
'5d099c4b9ba251b8.jpg',397,167,507,326
'5dc8dad608a338ee.jpg',443,283,553,489
'5de101b8740de57f.jpg',397,158,516,310
'5e087145744f4602.jpg',502,170,612,320
'5e43e4c4288403dc.jpg',402,185,512,322
'5e505ca46e4f358b.jpg',309,182,642,630
'5e58e57b93dbc5f5.jpg',379,149,484,308
'5e8ca86099383f14.jpg',308,251,398,470
'5e9718124ce43576.jpg',434,146,562,301
'5ede4a4308ada54e.jpg',222,274,334,512
'5eecb24554998541.jpg',365,81,612,390
'5f208999d992a82a.jpg',314,251,426,475
'5f2841818b7faef8.jpg',406,172,507,319
'5f46080d7efe4b93.jpg',294,187,390,420
'5f8977ef2189217b.jpg',502,233,882,717
'5f9034ee94a17dcc.jpg',397,202,544,377
'602bd7f078eeebe9.jpg',452,195,566,363
'6066c05b9817e7eb.jpg',316,228,451,480
'6096f20a7c3b9471.jpg',294,246,390,461
'61200b36d67e0c4c.jpg',339,126,449,318
'61206c55be910f85.jpg',374,146,516,289
'6147b8bd9ea7e30b.jpg',374,78,516,201
'61995a3c886ff54f.jpg',374,212,502,377
'61bac538d49fc712.jpg',291,201,380,393
'61de4dade9491b33.jpg',374,214,525,425
'6246b3ec6a674f94.jpg',416,202,530,366
'624d839a762ccb99.jpg',294,210,390,443
'626b15fb8d518690.jpg',452,164,566,336
'62f90cc2cd18c249.jpg',280,219,414,507
'6355c37949ef8cb0.jpg',374,168,502,332
'6382b64f598eed48.jpg',402,114,544,300
'63d91b31d8eab428.jpg',388,219,530,462
'63f40a12039687e5.jpg',342,176,466,334
'64066d2c139c800c.jpg',251,178,397,443
'643478085d661867.jpg',402,161,525,307
'644664a495c48bc8.jpg',425,173,571,314
'64624648369f16f3.jpg',484,45,653,292
'6473333ea24d81e6.jpg',379,242,544,502
'649753d4644492be.jpg',277,219,366,452
'64ae998597ce6fc2.jpg',429,189,562,341
'64ba79588e4cc1f4.jpg',393,174,548,366
'64c5b29bdbd851d6.jpg',370,175,612,384
'65242b6cb4d02b0c.jpg',443,167,594,323
'658376c5d57baf80.jpg',190,105,475,562
'6586cb8151ab51cd.jpg',393,149,539,393
'65912a349c895655.jpg',325,320,418,521
'66494bf8b96acadf.jpg',438,188,548,365
'6677a18c1840130c.jpg',425,145,548,304
'6679050fabc6df58.jpg',493,266,603,455
'66865a3864673a1e.jpg',333,70,512,292
'668cf90f0db00d9a.jpg',425,155,544,298
'66963db53876be60.jpg',470,209,576,366
'669b13804db1871d.jpg',420,173,571,335
'66ced11c1b2959a5.jpg',246,283,373,530
'671433d7cf4b1506.jpg',402,137,521,293
'673e1777fbf5c70e.jpg',270,109,397,361
'675c5ed2325d1ee6.jpg',278,59,667,473
'676ca96a18d9afc1.jpg',277,256,364,475
'678c945bc98f6a36.jpg',332,283,454,493
'679a4452db1e46e7.jpg',379,154,516,339
'67b8f42c06038b6d.jpg',347,36,612,365
'67cb7ccf8d5d2033.jpg',434,198,548,353
'67dcf9e201d8992c.jpg',273,274,397,530
'67ec4e945b7356d3.jpg',307,256,385,461
'67fa86f3a17b3ac3.jpg',406,120,544,329
'681db1ac4003bea3.jpg',329,202,408,360
'6825e85822c09b18.jpg',516,228,781,520
'68552b75d1560449.jpg',342,112,480,277
'68642b8e2f5c6cba.jpg',397,185,502,346
'686724a1820789e8.jpg',207,68,418,393
'686aeef01ba11aa0.jpg',388,146,530,277
'6899023130312109.jpg',461,242,585,443
'68ac9a5873449de5.jpg',202,59,522,566
'68d433a96fdce3d3.jpg',309,224,385,429
'68e7836ff8435690.jpg',361,161,489,332
'68f74b6b11f4adf8.jpg',288,228,377,448
'691f8b095d0d1af6.jpg',397,146,516,298
'69291653d8ca3980.jpg',484,135,630,303
'694bbcaa188e160b.jpg',329,188,414,339
'695680427c157230.jpg',180,64,645,685
'6969d3adcbd0dd02.jpg',192,242,432,644
'698c6866c86bba33.jpg',329,152,493,344
'69a665bbfbeddcd0.jpg',240,297,432,635
'6a21933080dbb320.jpg',379,137,525,292
'6a36e18fb97cb026.jpg',388,219,502,387
'6a53f9d8c7d225e4.jpg',438,178,566,360
'6a719d1a7298767e.jpg',205,13,363,202
'6a7becc1d2347eb9.jpg',228,77,332,306
'6adbf02edcedc241.jpg',438,149,539,289
'6b2d54793df5787d.jpg',397,187,576,342
'6b4dded556d61d9a.jpg',443,232,571,403
'6b5c70b714f43f1e.jpg',397,179,525,329
'6b6c69e7311a281a.jpg',286,242,371,448
'6b6f73576d546cff.jpg',361,133,576,411
'6b7116b4474c91fc.jpg',292,246,371,443
'6b751847ed37e915.jpg',434,151,534,291
'6b8a1e954a7c42d1.jpg',332,214,490,420
'6b9533a1366dfd46.jpg',420,185,539,336
'6ba4fab0c500a116.jpg',434,228,576,356
'6bb6d3279319010a.jpg',288,274,408,502
'6c1e8eee88eb0c2d.jpg',416,164,521,301
'6ca842f03ae472af.jpg',241,274,320,489
'6cb3dff2c5aa9176.jpg',507,127,630,276
'6cc79e1b14e8999c.jpg',411,140,548,325
'6cc88786dd6ca2cf.jpg',308,274,397,489
'6cdf9ae5a8f9dc54.jpg',420,173,539,323
'6d494c08633adbe0.jpg',315,297,411,502
'6d694af87bad2d86.jpg',416,134,566,304
'6db4c14cc8f62689.jpg',301,306,397,507
'6dc2cc352b7b649c.jpg',443,283,548,489
'6e027309a8fda021.jpg',438,152,553,304
'6e498b9f888ccd93.jpg',267,251,353,466
'6e560553ffe50c67.jpg',116,58,613,627
'6e7078d1ca94235b.jpg',324,214,426,448
'6e831b2533328828.jpg',333,178,493,413
'6e87534e27bf146e.jpg',318,256,414,470
'6eb08d5a7757fb04.jpg',429,167,544,328
'6ec24da0417c5e8f.jpg',265,198,507,458
'6eff653272aa5874.jpg',420,6,649,293
'6f03fee6866e54d2.jpg',369,146,489,406
'6f1b7b173e937e83.jpg',264,292,333,502
'6f1be91544909527.jpg',194,146,469,576
'6f50872263d68eb3.jpg',292,292,409,530
'6f50d4bd891e1e5b.jpg',333,126,603,533
'6f740975984e496e.jpg',411,163,544,315
'6f7742eb702d5f2b.jpg',268,283,420,516
'6f84e086618ebf82.jpg',438,155,539,301
'6fdffd92fd89e53a.jpg',416,133,516,252
'70330c7a2eb6fec9.jpg',393,133,534,294
'704874b0909bf03e.jpg',416,161,534,301
'7060576416ec2f15.jpg',365,320,626,640
'70b00c168a80c146.jpg',429,171,539,339
'70d1cdd4f8ddcd87.jpg',425,146,612,326
'70d41b9ac838e4c8.jpg',438,192,534,346
'713089ce8e4484a0.jpg',352,130,502,294
'7155bc4439322ac8.jpg',402,214,562,378
'71714e85b498a3a2.jpg',324,274,403,480
'71c19e5237a37d81.jpg',236,96,548,630
'71c64a4fa154c65c.jpg',402,146,512,320
'71c85a0ee6037f4d.jpg',280,278,356,470
'71e523bc679704ee.jpg',300,297,389,493
'727b030a2e4c01de.jpg',224,137,343,397
'731c9070aa02912c.jpg',365,161,466,307
'732f6ece644db9f9.jpg',268,233,359,443
'73fc3c1c3fab3056.jpg',429,170,553,321
'74f808229548b347.jpg',286,288,368,502
'7566d68e285b050f.jpg',411,168,516,321
'75749ed7726439d1.jpg',484,172,589,339
'758e0c8beac67932.jpg',296,288,385,502
'75a600d832ed360b.jpg',388,131,521,257
'75b77b47c3afb4eb.jpg',283,269,356,484
'75bbec72a292bb49.jpg',250,196,333,438
'75c2ab9c5a804aef.jpg',329,237,418,466
'75cadb9e398b9858.jpg',341,265,427,480
'75efa0c97b3f3763.jpg',296,141,447,429
'7601d1cef6ae3b4c.jpg',257,251,372,498
'76215d562e8d0dfc.jpg',268,192,393,470
'764c73671ab04b27.jpg',146,68,448,553
'76536a443350c15f.jpg',349,256,442,457
'7675fe3db15d8ef5.jpg',397,157,521,303
'769923e10f9da132.jpg',292,242,371,448
'769bafd4c32f8757.jpg',425,213,544,353
'76b7cb3a03985f26.jpg',411,116,534,299
'76bcc61d39b56c64.jpg',312,269,411,461
'76dedea1ee4a63c2.jpg',411,164,539,311
'7708a5df47894e28.jpg',438,202,553,363
'775aafa3548dfc7e.jpg',425,155,571,317
'775bc1b9a2566a22.jpg',411,186,525,332
'77a80265567f0243.jpg',379,179,548,353
'78189248f165b9dd.jpg',402,146,516,304
'7865f33e6eeed53c.jpg',452,242,576,457
'78663186c490d885.jpg',308,251,394,470
'7884b13b259e64d2.jpg',157,86,379,461
'78a69e0389b575d3.jpg',228,228,311,461
'78e5326ecda4454a.jpg',379,152,539,329
'78e6dc64c0b9038f.jpg',397,118,539,267
'78f102578e2d0c21.jpg',448,219,585,387
'78f4adf4fdeaac5c.jpg',352,237,469,507
'79736fa72b4da1e8.jpg',434,278,553,493
'7975a590d604e066.jpg',416,198,544,344
'79771cdf31a28d2d.jpg',360,205,465,366
'7998ddade1532e92.jpg',315,301,404,507
'79afdca535dc003b.jpg',298,306,381,502
'79f6084e76d97675.jpg',289,169,397,402
'7a14df758dc9df98.jpg',258,251,333,457
'7a2b01b452bdb117.jpg',420,228,557,489
'7a516036227a891c.jpg',393,126,548,332
'7a5e34c3370b6e18.jpg',342,36,763,460
'7a61ffca33f26b30.jpg',388,189,512,387
'7af7a700c75f7f19.jpg',425,226,553,390
'7afe6209ff76dcb0.jpg',246,27,420,306
'7b03b3b73893b162.jpg',384,198,630,572
'7b46b83c26b8acaa.jpg',322,278,456,493
'7b74a5c18c623342.jpg',434,146,544,299
'7b74a8e33afc4fd6.jpg',271,182,362,406
'7ba00fd8f04ea0a8.jpg',211,54,372,324
'7baff3e14c1a3081.jpg',234,246,356,484
'7bbbee1492088981.jpg',347,154,457,309
'7bdd070a360fe2aa.jpg',286,278,381,512
'7bfcf3b53d64aeaf.jpg',420,158,525,314
'7c2c299b5afb46b6.jpg',452,146,576,301
'7c7d40a41e2de7dc.jpg',278,224,366,457
'7c833b8c43fd00a9.jpg',265,130,598,428
'7d325a5c43595c1f.jpg',416,178,521,329
'7d398f8acf809bf7.jpg',275,246,373,466
'7d90c707d56b7bed.jpg',443,161,571,311
'7da38b72dd922cd8.jpg',452,242,553,417
'7dc753688c56a1c3.jpg',434,155,576,356
'7e0a05466363bcca.jpg',143,320,300,589
'7e0f88cb5923b5aa.jpg',267,256,384,498
'7e13345845b16b68.jpg',411,159,521,305
'7e2bf66bb32d71ce.jpg',443,143,539,295
'7e6eda98b9746f5e.jpg',261,361,410,585
'7ec28e6595090c47.jpg',475,210,594,376
'7ed733d918e33918.jpg',374,179,502,318
'7edb2ec2a3c793bf.jpg',461,178,580,356
'7ee0d83284c3fb5d.jpg',397,178,566,394
'7ee86b19b3b5cf0d.jpg',322,198,408,353
'7ee9a98dae617468.jpg',306,150,466,339
'7f3c0b53a30f9ad0.jpg',452,158,562,311
'7f3f63df3c6b7642.jpg',406,152,539,317
'7f7fb12765b20871.jpg',281,278,352,475
'7f8a7fb733b56909.jpg',397,149,512,299
'7fa374eb0e7db6e6.jpg',308,260,390,461
'7fa6a0cdc4e406bc.jpg',284,219,404,438
'7fc70289a3332266.jpg',347,151,502,336
'7fc8ff45df30751c.jpg',298,251,371,466
'7fc920bc4bfacf4e.jpg',425,251,534,466
'7fe2fbd201d8f301.jpg',420,183,539,336
'800c5ecfe9cede90.jpg',238,123,424,457
'80150fa97a7baeb7.jpg',384,160,502,324
'803a4641377648ec.jpg',246,210,480,539
'807fbdbc6b0fb89f.jpg',443,161,557,313
'80d3843275f76918.jpg',292,214,362,434
'80e29dab9599af8b.jpg',262,187,335,406
'80e64579a982751d.jpg',420,179,530,316
'815aaef2be2c258a.jpg',429,137,539,295
'818528c0e8e8700b.jpg',393,220,534,375
'81de1f942144e8e7.jpg',333,73,612,384
'81debde554f818f7.jpg',452,161,576,336
'81fff836ee53162e.jpg',384,202,507,368
'8216a8e22b697d08.jpg',406,137,544,325
'82562644357ac3c9.jpg',311,333,422,539
'825fec57161ca26a.jpg',265,97,662,539
'8261534b6ef74a00.jpg',290,210,375,448
'826626708fb88ac5.jpg',411,198,525,363
'8288561fc04eba65.jpg',333,140,484,267
'828f265fc8d12c17.jpg',416,201,539,344
'82a5f7fa02e7fabc.jpg',248,260,333,470
'82bedc4e5366da6d.jpg',268,315,359,502
'82df858c9a5e31f7.jpg',411,205,534,366
'82f5f5613846a0e1.jpg',425,167,544,317
'82f9499552d69d57.jpg',443,161,598,360
'83343a3c6cf13ec2.jpg',397,152,534,307
'8334f033265d0554.jpg',190,68,532,685
'834608de2a65c988.jpg',308,283,394,493
'834df1846eb49b81.jpg',254,306,321,493
'83675e0f2d5e2e1c.jpg',425,176,548,332
'837ed11d5fb464e1.jpg',261,297,347,498
'839efdf9a32c4ebf.jpg',406,167,521,307
'83facc2c1d0e798b.jpg',254,384,338,571
'841ec1a6f6f7b6e4.jpg',214,165,516,473
'845acdb0c7de3b0f.jpg',347,133,457,249
'8490a918e6e17b25.jpg',329,112,685,472
'84998a81f6512b78.jpg',393,178,571,369
'84a75ddb06068bf9.jpg',300,288,380,489
'84c757018c5368c1.jpg',322,269,425,502
'84e14eeee1436042.jpg',416,152,553,323
'84fd2311b5c2da5a.jpg',470,242,608,429
'85234892c8906aba.jpg',255,201,346,438
'8526181b65472a2e.jpg',402,172,516,308
'852ace9249cf5f3e.jpg',429,164,544,311
'8555fab020c08817.jpg',397,168,530,357
'8569fc8014e90ca9.jpg',416,219,548,377
'858324e18e3720aa.jpg',406,171,521,300
'8589ca7fbe4e3260.jpg',294,233,384,449
'85916feb1f6dd6f4.jpg',221,306,295,480
'85a8d28c69199d2e.jpg',271,246,344,466
'85d30a14571d16c8.jpg',370,173,512,320
'86248049197174ec.jpg',287,251,366,475
'863a79ea22959b98.jpg',305,274,404,489
'864ded0f3ada47e5.jpg',213,164,408,489
'86811b167c6fb5ae.jpg',379,148,512,297
'86a5121058c5a2c0.jpg',339,329,434,521
'86b70a9d06bb6d80.jpg',411,201,525,434
'86e241e0bdb321cb.jpg',270,187,394,443
'86f951ad82d48780.jpg',329,144,493,349
'8711e0d2b45eacd2.jpg',374,153,562,411
'87784e23de84e19e.jpg',416,265,544,480
'87875276cf2292e4.jpg',356,88,585,329
'8789006dcd2c39fa.jpg',277,178,381,425
'878f8c4247ffe850.jpg',443,154,557,315
'880eb355c4b8e5ae.jpg',416,188,566,380
'882836f423f9d1d6.jpg',379,228,507,443
'886f974f99e01182.jpg',393,154,516,325
'88794c60b542dc9c.jpg',361,228,576,525
'888e8bc8a1392199.jpg',324,68,626,449
'889c880b503e4ade.jpg',286,260,381,457
'88c8ace589279dbe.jpg',480,219,598,366
'88e63d58ad1285f5.jpg',434,170,544,338
'88fb6f9caeacb4aa.jpg',402,182,534,322
'891a0ee554f3b1ac.jpg',164,4,722,777
'89292bd7387809d0.jpg',438,161,562,326
'896dc8a732d4b597.jpg',402,134,507,286
'8972c358264b4f1e.jpg',315,325,421,522
'89b42b2cccd4e8a0.jpg',416,123,594,370
'8a222436040e0c1a.jpg',304,278,387,489
'8a4238913c2fc105.jpg',346,214,425,429
'8a4c26b8a333d1f3.jpg',258,214,345,434
'8a4ce9a6c8642c2f.jpg',240,242,365,493
'8ac431f568fc5228.jpg',349,260,459,516
'8aeddd05202986d1.jpg',443,151,580,311
'8af48ebf180718ed.jpg',425,131,516,262
'8b0ec6bf6d774807.jpg',242,109,420,353
'8b2ec75c9622f660.jpg',452,164,571,336
'8b3cce77fba0b8c5.jpg',409,269,537,493
'8b3eae517ddb3b26.jpg',425,226,553,390
'8b4219e90be77c79.jpg',420,148,534,297
'8b4beaa5a94ae570.jpg',338,186,475,425
'8b767e6958ed3902.jpg',406,202,544,385
'8b8ba64479cf97f3.jpg',254,219,348,443
'8b9c71652566907d.jpg',395,269,492,484
'8c0441779f3811e2.jpg',379,215,512,383
'8c16abc50ee09c79.jpg',277,288,359,502
'8c3df8a2d7247641.jpg',324,228,454,484
'8c66929617e3e7dd.jpg',480,216,699,452
'8c79229746de1071.jpg',425,212,548,370
'8cfdc2e76f56cb5e.jpg',379,159,502,301
'8d73eb56f6e9efce.jpg',417,195,528,353
'8d83e37917d9648e.jpg',307,214,387,434
'8db83b4d4b5e40c9.jpg',370,125,548,350
'8eafbea85b09e07d.jpg',420,198,548,356
'8ec3aa5cae0009ab.jpg',240,260,326,480
'8edcabb8e0c1ac60.jpg',434,146,553,314
'8eea1645162684d5.jpg',425,161,548,304
'8f35030516196060.jpg',397,212,507,363
'8f434605d26ec3dc.jpg',333,194,621,538
'8f6cfa2ed4ed4b94.jpg',420,146,598,385
'8f8a486bbef469f9.jpg',294,242,401,470
'8fce59bc72a72a17.jpg',416,121,557,286
'8fe75d820f1ecb72.jpg',448,171,576,332
'903b3d28c6f3bcf8.jpg',411,189,521,323
'9040ce6633421b65.jpg',397,185,516,338
'90c624c2d102b384.jpg',411,179,521,319
'90f3f2c9d67b2a1d.jpg',298,157,438,346
'9144c519876ab4e3.jpg',347,39,745,463
'91581e63e343cac9.jpg',438,178,544,329
'920a75993d6cc929.jpg',406,157,598,401
'9215679d78a5604c.jpg',365,195,484,360
'921b8d0d72f536fc.jpg',374,179,493,323
'9264fdb638bbc6c9.jpg',197,160,402,521
'92800e9fbabb2cc2.jpg',352,269,441,470
'9299e0011915ce86.jpg',411,142,521,297
'92dee987c6d0ab9e.jpg',342,137,484,290
'92e9c1bae73ae70b.jpg',374,269,507,512
'936251c48d8be3f7.jpg',227,233,340,484
'93ea365711364678.jpg',443,212,571,366
'941d0c93bc11df24.jpg',296,278,380,484
'94263b10c6aba416.jpg',393,66,699,434
'949e5489ff32ae6b.jpg',502,192,841,585
'950637aeb882bc68.jpg',342,265,438,493
'9559eac099cb6624.jpg',388,155,507,317
'95b724801e24ad42.jpg',274,251,347,452
'9608b532d9daeb51.jpg',374,164,498,323
'9652bb36e45cf842.jpg',236,274,318,489
'966354ea93339431.jpg',406,190,512,326
'96ad0a3cb821ab0b.jpg',275,283,356,493
'96b7edc2b932be28.jpg',308,246,411,512
'96cb996f60c3e078.jpg',338,155,470,302
'97390f46d1445f4f.jpg',301,161,387,329
'97864db0d7d12ab5.jpg',356,118,585,405
'98176caa7e9929f4.jpg',267,265,361,470
'98b9c5c29ed9a8ef.jpg',281,251,356,480
'98d18acc964e7474.jpg',234,210,384,480
'997b85d793a24da3.jpg',409,256,517,470
'9982d09720406cd8.jpg',336,283,425,493
'99915af607d41d57.jpg',416,173,539,313
'999e9b225afc6e92.jpg',129,178,306,502
'9a064455665ff4b2.jpg',434,174,544,308
'9a09858257c6bad0.jpg',402,191,525,362
'9a46b56ef36f8330.jpg',322,292,418,507
'9aa95d28ad12cc2e.jpg',325,235,425,415
'9aaed4dae3c845bb.jpg',255,260,352,484
'9ad4a9bccaecc0c8.jpg',393,171,512,342
'9b2020b0107ecf17.jpg',268,114,484,525
'9b80ad2ff31a3ce6.jpg',289,297,365,489
'9c01209e64099dac.jpg',343,196,418,448
'9c20d7be40d35397.jpg',461,175,562,323
'9cc905c44e6ad187.jpg',416,251,534,466
'9cd3671039b8579c.jpg',420,222,557,424
'9dae68e6b4fc7ce7.jpg',406,152,512,299
'9dca7cd8b03a34a2.jpg',384,157,489,317
'9e384990415896ba.jpg',384,181,493,346
'9e3f21080dd21eec.jpg',393,152,521,311
'9e6f7e0f4eff4648.jpg',416,256,544,457
'9e749e9496aa694a.jpg',384,178,539,366
'9ebc992872237a44.jpg',374,91,548,312
'9ecf4a7e79361a46.jpg',425,192,589,384
'9f3eb1dfeda1bfa5.jpg',429,216,617,418
'9f5d9500608f4bab.jpg',361,66,909,564
'9f653e0528e858d3.jpg',429,202,553,360
'9fac74937dfdf802.jpg',457,212,585,373
'9fbd147693179699.jpg',475,221,644,364
'9feaa97f0a92eef6.jpg',285,274,361,489
'a02ad1be7ea32ddc.jpg',347,176,484,352
'a02b492ba1dc28de.jpg',429,136,553,264
'a03c25fe1e88a821.jpg',316,297,398,502
'a07e27985c9a3402.jpg',420,157,530,322
'a0ca56c1959c6161.jpg',417,214,541,452
'a0ff581255f8d5b7.jpg',397,173,507,319
'a13887d0aebfc0a0.jpg',322,265,414,480
'a163dbaf4f5fbf0b.jpg',311,214,381,425
'a164b3a0d88f28a0.jpg',232,155,384,425
'a1ce6967390a1828.jpg',420,155,534,292
'a20c765d157afcb8.jpg',160,228,212,448
'a218198fc60d023f.jpg',448,121,626,324
'a2200ae0d42be08d.jpg',438,246,557,457
'a297efe3533246e4.jpg',312,333,428,525
'a2ecf56446c8aaf9.jpg',374,91,530,277
'a2f4944d9a7f1ce4.jpg',425,155,534,297
'a321f82547af4236.jpg',411,61,713,497
'a36aa820ec7ddca8.jpg',220,242,394,576
'a3bc8380fb1ea609.jpg',420,189,534,333
'a42619d78ea2eeb6.jpg',461,158,566,290
'a435dc345d6da3f9.jpg',475,274,617,525
'a43d5fdfb8d56e84.jpg',406,242,530,466
'a43ebcb51dc56b81.jpg',353,274,500,548
'a4a71757ecae6568.jpg',411,192,521,356
'a51d1ade507e2d73.jpg',448,212,589,364
'a54f9b47b66aee29.jpg',461,170,562,314
'a5b2f3f9c37ece84.jpg',301,216,443,387
'a622c865f538b1cb.jpg',290,260,384,470
'a6e2241176618388.jpg',356,122,534,327
'a6f6cf45c727cca0.jpg',416,161,534,314
'a75e0c4001dc49b1.jpg',283,168,475,380
'a78cc142775a8b5c.jpg',274,60,516,323
'a795dfea50ab1fcd.jpg',251,297,328,507
'a79c083b6222654e.jpg',346,150,462,311
'a79d9012f446edc7.jpg',352,85,489,265
'a7b33996c5ce7d98.jpg',267,224,346,443
'a7b8923341d1ccce.jpg',304,274,384,480
'a7f057cac8321cd5.jpg',438,182,544,369
'a8128999f2d4d255.jpg',365,154,470,353
'a83a25e9cef2a5e0.jpg',429,140,544,312
'a83cd24174058c38.jpg',333,274,442,480
'a863282e9e9df4d4.jpg',429,164,534,307
'a87af63bfc025a44.jpg',60,73,526,754
'a87b4ba17062d2a2.jpg',393,181,516,346
'a8a8474b908ef5a4.jpg',89,54,389,553
'a8abfd96943e5e33.jpg',452,222,580,373
'a9498e7218175cd8.jpg',311,141,448,420
'a959e65b99ea2629.jpg',402,158,530,332
'a95a436918d66bf9.jpg',379,131,498,264
'a95cc038f749d780.jpg',274,283,377,512
'a9a3415ebf9595fa.jpg',274,228,353,452
'a9b3802740951d3c.jpg',388,106,544,314
'a9ff73d707387d97.jpg',379,128,493,290
'aa09c2cf3c6ce26c.jpg',301,154,394,329
'aa1182591c22de42.jpg',429,246,539,470
'aa1c04b69629fc4d.jpg',352,242,498,475
'aa6a328230bd64e4.jpg',319,283,418,512
'aa9fe51b9c4877a7.jpg',420,213,544,430
'ab28bc8a47aa5524.jpg',269,370,353,562
'ab5bfff8adf6be99.jpg',452,182,566,346
'abcd8ef3c84e68ba.jpg',220,187,361,461
'abf115aebf897477.jpg',275,278,402,516
'ac0b7983e5d1c072.jpg',251,219,379,461
'ac13016ac915b3ad.jpg',333,66,580,337
'ac37a7b2f711272f.jpg',291,219,397,443
'ac3a265fcba80bf3.jpg',425,133,539,295
'ac528dc221cec825.jpg',284,219,390,475
'ac6027b6cb11c7d6.jpg',443,141,562,267
'acafdd96f3a12321.jpg',292,246,375,475
'acd4ff13687123c0.jpg',325,195,428,356
'ad21cb0235eb6c48.jpg',429,167,553,320
'ad25a457144113b4.jpg',356,310,562,585
'ad5c6652f27d7ae4.jpg',249,219,374,493
'ad763496227770b7.jpg',274,324,396,534
'add2c93527509d0e.jpg',562,150,777,369
'add6a73aac1ce408.jpg',374,237,516,498
'addf6d32d42b9552.jpg',325,242,411,466
'ae048ffe9d73e9cf.jpg',273,283,354,489
'ae211106495fc39f.jpg',452,147,566,318
'ae63f716d7c3ba72.jpg',379,164,502,322
'ae6a9dbe7d1da1dc.jpg',434,137,621,314
'ae6cd512507dee82.jpg',438,129,562,276
'af255fdbf44c81de.jpg',425,159,548,311
'af2c1f8d2a0c50ea.jpg',257,310,351,530
'af344dfb0558deb9.jpg',406,182,525,329
'af46347ac19643e6.jpg',290,347,425,553
'af6b5cdd285423fd.jpg',315,256,445,516
'af74eb917912723a.jpg',301,429,543,768
'aff478e98b5ae145.jpg',365,270,534,486
'b002ae3a5a7a5393.jpg',480,117,608,297
'b033ac258246ada0.jpg',358,210,454,420
'b0a68b66a91e1663.jpg',286,256,378,489
'b0c4ccd19b83f4c6.jpg',425,143,539,289
'b1368a699c22d7d2.jpg',388,157,525,314
'b16c563385b7af67.jpg',374,152,502,326
'b16e227e20f97a6d.jpg',370,161,484,304
'b18d582ac8eacfa8.jpg',626,53,859,358
'b1a46532a42d8159.jpg',494,160,614,411
'b204d07564c539c5.jpg',364,260,465,470
'b209ecd25724782c.jpg',298,187,396,425
'b2264bac940f825e.jpg',429,170,539,312
'b24d468609111c7c.jpg',384,205,502,370
'b2e67dabe81635fb.jpg',152,32,439,534
'b305e21e35a5bbd5.jpg',397,170,534,317
'b376e5ed68dbf2e4.jpg',379,172,498,323
'b41172973f83fba8.jpg',301,153,416,298
'b4376558d4bccacb.jpg',434,161,530,311
'b43f17a980479e22.jpg',225,150,347,429
'b49dd810602cdd98.jpg',425,164,576,377
'b4b2727a8e3e878f.jpg',388,167,525,338
'b4d67ba75eb948de.jpg',204,278,451,653
'b4e3f6b0bf2d6869.jpg',416,139,525,300
'b505614ffbc96e8a.jpg',240,160,368,406
'b52653561e868640.jpg',379,182,521,416
'b528cbe216f78be1.jpg',402,158,521,307
'b533ad58a07957ad.jpg',222,192,326,411
'b65693c93a48ad9e.jpg',305,260,394,489
'b6686953c0e8d2ea.jpg',333,109,640,432
'b6d30a865c137e9c.jpg',438,192,621,416
'b70e32ae8cc386de.jpg',411,274,525,475
'b75d855c60543036.jpg',416,181,544,349
'b7a6f4a3b8b13ddb.jpg',429,120,534,249
'b7e1e8882c709280.jpg',329,210,476,448
'b7ec256c8677d2ca.jpg',429,130,566,277
'b7f11b9bdbb01362.jpg',316,114,549,502
'b837693ee1954658.jpg',420,170,534,317
'b8fcc239a79276aa.jpg',365,134,493,283
'b904343cf49f3461.jpg',434,134,562,280
'b96fcdcb30a4306c.jpg',373,274,466,502
'b98941651fef162f.jpg',326,265,408,480
'b9af7cf8c7291486.jpg',434,183,539,335
'ba0eb80192df715f.jpg',443,185,548,349
'ba29e8c06883d50f.jpg',329,196,449,442
'ba67317a5dac7371.jpg',466,145,576,297
'ba7621a9cf596d93.jpg',301,242,390,457
'ba859875f9c2aeef.jpg',315,274,411,498
'ba86c13bc5f29da0.jpg',438,149,553,292
'baa9ded52017564b.jpg',429,198,539,335
'bab2e4f125eae6f4.jpg',329,260,425,470
'bac42ed56a57b4bf.jpg',322,301,414,493
'bad66aa05323f595.jpg',480,70,736,334
'bae47281823151e9.jpg',201,274,378,553
'bb3c2b221a9d8c27.jpg',379,73,534,274
'bb4d73be83af96a5.jpg',250,214,353,411
'bb85ab85d49a5ed0.jpg',283,265,353,475
'bc21fc08282690e3.jpg',261,214,451,553
'bc23c33c445e0ad1.jpg',414,251,532,489
'bc371a227ff5f62d.jpg',384,146,525,402
'bc37ac823dfe43c7.jpg',259,260,404,484
'bcdcbd427530999c.jpg',259,288,344,493
'bce6f2eff1510a08.jpg',539,152,690,319
'bd12249e33270079.jpg',318,278,401,489
'bd211d5668259050.jpg',315,260,413,521
'bd955d1d8bf50b5c.jpg',443,173,553,326
'bda065be70d30ffe.jpg',360,172,438,351
'bdcd2aa73e704c72.jpg',275,288,363,498
'be01d9d9ba879dcc.jpg',425,172,544,318
'be47419e5f1cdfb2.jpg',397,149,521,311
'be5256b6839fe6e5.jpg',301,44,731,541
'be68b0fd49aba455.jpg',397,226,585,428
'be6c73f366f3c398.jpg',298,196,397,420
'be752d653a638396.jpg',286,278,384,484
'be82ba493ee200d5.jpg',438,297,553,516
'bec2ab7c0f784e30.jpg',298,196,416,443
'beffa231d0f9e249.jpg',416,154,534,297
'bf065b3c3da4ec23.jpg',260,269,343,489
'bf1260e196f3a228.jpg',356,164,512,322
'bf30202d749d8757.jpg',393,57,608,335
'bf4405d21e51888c.jpg',271,224,353,425
'bf62de8c52987ca5.jpg',339,292,432,502
'bf81d1fa8b921aa6.jpg',360,228,459,443
'bf9ff6cdba8d69c0.jpg',352,140,521,314
'bfb574759ffd4787.jpg',338,216,521,418
'c033bf5dae297124.jpg',253,329,326,530
'c09d0dd7b1f4e741.jpg',434,130,562,299
'c0d93cfea3a8abd7.jpg',287,54,737,681
'c0e1477e756f2622.jpg',288,269,401,498
'c10973e5b73beec4.jpg',452,274,553,484
'c120c4f86b86e56b.jpg',297,70,608,423
'c135a3484f7d658d.jpg',480,269,580,489
'c155d0c4894a6480.jpg',388,160,512,324
'c168a3f3826dda44.jpg',416,256,544,466
'c18e65a7a61da9af.jpg',388,129,507,277
'c1bbe275d854c8ee.jpg',402,109,580,320
'c26901b23b18e791.jpg',406,236,534,397
'c26ef61d9fbf5bcf.jpg',443,189,562,332
'c273702e4a413df9.jpg',329,256,420,470
'c298ef4185c90c7a.jpg',308,270,428,480
'c2a35552014e2c31.jpg',425,141,553,280
'c2aac00e266c7576.jpg',361,192,493,366
'c2ac8ee3d6d4b5ff.jpg',241,109,572,672
'c30730eead6b1d41.jpg',393,164,516,298
'c313626aecc0bcd0.jpg',443,168,548,318
'c34b93c57db9f3ce.jpg',406,163,530,309
'c35a3a81497bbb70.jpg',168,50,622,676
'c3b6c92150a7cb15.jpg',434,292,548,502
'c3d0169e8aa32bed.jpg',470,88,667,272
'c3e32786ba4f304e.jpg',402,119,516,214
'c438f033e8026d0d.jpg',374,269,516,480
'c45bb2f3d2ce33ef.jpg',379,147,530,333
'c462569267faf1f2.jpg',406,192,534,332
'c4f8b868b70fdf24.jpg',425,198,539,360
'c547ebd7c61758f1.jpg',305,269,411,484
'c570e05c73709599.jpg',411,149,562,311
'c5925c15f2b97938.jpg',429,158,576,307
'c605a809078b8261.jpg',448,219,571,457
'c68a9639f02dff6d.jpg',246,320,350,553
'c6e410a222173530.jpg',305,251,401,475
'c6e7e17236e1780a.jpg',416,329,544,530
'c6ed9034b2b8c8fb.jpg',443,192,566,370
'c6f6f27c909a6a5f.jpg',291,283,369,484
'c737a6e1a91c9509.jpg',253,242,366,498
'c787a2c61ff2cb98.jpg',374,123,548,370
'c8232b8322d4b372.jpg',352,209,484,380
'c837bdd3058923c4.jpg',300,214,392,406
'c871b54e2db93cf0.jpg',256,288,356,498
'c8aa50aec3bcc29f.jpg',294,236,373,391
'c8c176bccf323bda.jpg',332,251,450,457
'c8cb68250efab6e1.jpg',484,158,598,311
'c8d4a74c7ac72378.jpg',416,152,534,307
'c8fb9bec832d8f31.jpg',270,246,360,452
'c93cfaba226520c6.jpg',341,288,418,489
'c95bf771b59e2c51.jpg',370,151,493,297
'c95f550dfdce3030.jpg',374,288,507,498
'c97a75e20befc576.jpg',298,196,393,416
'c9ba71f6d0ba0496.jpg',302,246,386,461
'c9cb6e59507512e9.jpg',411,181,530,370
'c9ce186ad46fdbcf.jpg',301,283,394,498
'c9ce2f1ffb948780.jpg',289,233,375,443
'ca01d035f827d2cc.jpg',146,41,557,731
'ca0970256afe5777.jpg',347,158,457,332
'ca355c152e63cfd4.jpg',373,242,488,480
'ca45ae6fc89c0f9f.jpg',264,297,430,557
'ca4df6f727befc27.jpg',429,178,534,332
'cad4b1759fc9f7ee.jpg',240,196,371,461
'cb1df37cabaa85fd.jpg',329,164,534,335
'cb49c59905461501.jpg',333,170,644,487
'cb4aed291eb10cc4.jpg',322,342,418,530
'cb4ce27c7668a9b3.jpg',315,137,484,324
'cb5b7bbd85b19d92.jpg',365,131,521,304
'cb72939d30abf610.jpg',384,205,566,411
'cb7d9623640a3c86.jpg',388,160,521,309
'cb93ed02579abf7e.jpg',420,137,553,292
'cb943491dd85682b.jpg',281,242,360,466
'cbb3fd639990d2c6.jpg',384,143,493,307
'cbc42e1ca302c007.jpg',261,256,337,461
'cbe8e01c341eb323.jpg',411,192,525,381
'cc0357bde2a8ef3c.jpg',301,260,390,475
'cc044124adb617d5.jpg',183,96,405,475
'cc4c3936a35a8b22.jpg',388,137,502,283
'cc640f001141d5cc.jpg',288,260,387,484
'cc709389f8d8643b.jpg',265,246,353,457
'ccd13bb4e85e6063.jpg',448,170,557,322
'ccd801dbc470b7d6.jpg',333,155,521,335
'cd31422ba729a5ce.jpg',336,269,428,479
'cd825144789f9e99.jpg',443,181,553,358
'cd847ac50cd0e07a.jpg',384,164,507,317
'cda0f91b0025f914.jpg',310,124,448,307
'cdb2cf4bd0feac3b.jpg',393,158,525,323
'cdbe63070ec3bfd9.jpg',342,126,516,321
'ce07fb05eaf5d5a1.jpg',397,188,530,331
'ce1c5a4bf8d61a88.jpg',292,269,384,493
'ce25a10a8be50e4b.jpg',388,173,530,330
'ce6585774304d50e.jpg',145,24,554,459
'ce765045a3bba449.jpg',178,150,553,653
'cec5c54942a2810c.jpg',402,151,534,326
'cee758820d86af3b.jpg',393,260,516,475
'cf03aa22f1c1235a.jpg',325,288,418,480
'cf069245889280e7.jpg',406,179,530,329
'cf5e88a6ab675de4.jpg',411,160,544,320
'cf8c474d72305ab8.jpg',411,171,516,342
'cfbac2a67f7e114a.jpg',448,164,576,313
'cfe88ba3c3b0619e.jpg',425,195,534,363
'd026b2a3040c51b6.jpg',302,306,391,498
'd045ad3636ca57e5.jpg',461,181,598,339
'd0b41e81c0760681.jpg',420,214,534,443
'd0d51ad1fc08cc49.jpg',241,242,350,484
'd11bb7617fcef5d5.jpg',246,347,362,548
'd123befeabd1919d.jpg',397,176,534,323
'd128090acdfdb81a.jpg',277,237,362,466
'd135a8163d72884c.jpg',284,233,381,466
'd15702f4891d539b.jpg',268,224,390,466
'd1ae68006eb47059.jpg',323,297,422,489
'd1c9e227ba851d91.jpg',342,233,462,448
'd1d91cea3c874b99.jpg',127,178,490,713
'd1f0118f75aa3ace.jpg',374,182,489,323
'd201767027ace777.jpg',397,162,525,277
'd21546581c9f1a21.jpg',291,187,404,475
'd240a9ede793a57a.jpg',353,256,438,461
'd24e6ea867154ea0.jpg',126,86,513,672
'd27ffa1b9fc3478e.jpg',420,183,553,333
'd292e95c1af6c823.jpg',278,75,676,497
'd2a8683008e374f7.jpg',259,251,329,461
'd2f8048d74104f6c.jpg',361,150,516,346
'd36dc18c91f842c8.jpg',420,91,612,361
'd391564bf4799a74.jpg',425,155,548,302
'd3a1c34a3e876968.jpg',480,202,585,360
'd3b07bc98ad02660.jpg',249,219,347,457
'd3b189e9a5dbf4e3.jpg',416,184,553,359
'd3d0505afd1248f9.jpg',319,288,409,502
'd3d33f5078662172.jpg',448,167,630,335
'd3fc6c21a77caad8.jpg',475,119,585,281
'd452754e5fd8ec47.jpg',223,109,383,365
'd45cd4f2745bab62.jpg',438,172,548,309
'd47946cc248f34fe.jpg',434,115,576,280
'd4e53dc3ce5fcc4a.jpg',420,207,548,392
'd4f081040e280d43.jpg',397,113,507,246
'd5012e0722d541d0.jpg',285,155,709,699
'd5159b93944207a0.jpg',270,292,362,498
'd5268a4bcaaa11a4.jpg',475,115,585,237
'd55ab8937fa2daf0.jpg',279,196,360,402
'd5a3955372e1d75a.jpg',352,79,571,341
'd5b41ab308e53674.jpg',438,275,553,483
'd5d87cf03436ba9e.jpg',315,85,466,255
'd62a101351615120.jpg',295,274,371,475
'd64abd36782af35d.jpg',397,154,534,308
'd64ee3a7c6a87458.jpg',255,54,455,388
'd656dfdb01470647.jpg',443,164,566,298
'd65cd2c70eb78fbc.jpg',425,161,534,317
'd6620dc0804e3723.jpg',342,274,438,498
'd6723bd8d227a966.jpg',228,126,594,538
'd6a6c339e88b2fb5.jpg',411,149,530,292
'd6a952da8ce12911.jpg',271,233,350,443
'd73abf5bdc9957bb.jpg',285,251,388,475
'd7557223d98edd34.jpg',434,155,539,296
'd7602f65ecdc4968.jpg',429,205,548,363
'd76b43a8dcf752b9.jpg',212,169,466,635
'd76ca47031682735.jpg',420,184,544,355
'd79b5c35c7d3d9aa.jpg',325,260,408,475
'd7a3046f833143fa.jpg',448,195,553,360
'd8272f1c27e53f33.jpg',294,306,393,521
'd84971bcd872e567.jpg',388,179,502,315
'd85113a1a507e7b2.jpg',347,157,493,333
'd8e9d18780cfe91d.jpg',434,159,566,274
'd914b75debf0aa76.jpg',388,160,512,349
'd918b1a27864dde3.jpg',152,86,521,685
'd923ebc9eedd37b1.jpg',411,237,557,470
'd929b3d0030a575c.jpg',406,145,534,288
'd9408a96a1717b1c.jpg',249,205,433,544
'd9601d05db0a1fbb.jpg',216,329,411,621
'd9791dd278d2c80f.jpg',434,155,548,304
'd9872054eb7fb6fc.jpg',393,154,525,373
'd9b75d1e711c0ba8.jpg',512,191,704,389
'd9cee15f3f2b7953.jpg',438,187,548,393
'd9e021422df2df71.jpg',425,130,530,277
'da671e5778198513.jpg',285,228,374,425
'da9e03129ecf6429.jpg',457,195,557,341
'db1325781c00caea.jpg',222,123,368,420
'db26db9afa0233ea.jpg',388,195,512,332
'db73a42e5f6a80d1.jpg',420,310,548,521
'dba761eb4713bc16.jpg',216,105,396,475
'dbc12f3f1482c7d7.jpg',294,269,411,489
'dbd0edb2fc619e72.jpg',246,274,308,498
'dbdfb4c489bbfe0e.jpg',305,237,404,448
'dbfe7ec141a416ca.jpg',402,152,566,335
'dc43405f369e0253.jpg',434,178,557,345
'dc88447fd6224456.jpg',452,246,566,457
'dc9a85445002d151.jpg',268,146,359,365
'dca80af08079720e.jpg',393,152,525,310
'dcd87d4da29e1655.jpg',295,228,444,534
'dcef312b17e9c16b.jpg',438,283,557,493
'ddad90120952f6c2.jpg',448,168,566,324
'ddd8150c4759f5f7.jpg',246,164,694,490
'dddf0e7bc37eb13d.jpg',280,288,347,489
'de1c7e0b2ede91b6.jpg',342,134,475,302
'de487063a6bb303d.jpg',325,201,407,420
'de60b8194c31c9b2.jpg',237,137,612,653
'de776fdfae3fc1f5.jpg',286,219,381,411
'de8e22a4a5348b26.jpg',411,149,530,275
'dec135e538368ff7.jpg',434,182,544,323
'defb58551aa0f623.jpg',452,265,571,498
'df2ee1d4f6709cf2.jpg',311,237,391,434
'df30b312e8711414.jpg',393,202,534,370
'dfd014916077e7d3.jpg',352,164,617,426
'dfe6bbd8c09d7678.jpg',322,212,408,363
'e0191ee5cfc544dc.jpg',356,94,475,202
'e04c136fcdfb292e.jpg',448,130,557,310
'e09f4533f19846d0.jpg',112,41,487,708
'e0bff74b4ed6f741.jpg',246,182,500,539
'e12746592daceb6b.jpg',272,274,346,516
'e134c2ab95989a57.jpg',448,94,594,262
'e158a964f26d8e78.jpg',270,237,364,489
'e159e82194739b8f.jpg',299,242,403,443
'e1c4e5e377338920.jpg',286,297,375,493
'e1f4d154f14699ad.jpg',315,256,394,452
'e207047f67ab2e82.jpg',434,164,544,320
'e214b262a86e4d7d.jpg',384,105,493,231
'e25051384334e366.jpg',333,233,480,414
'e25f6c06be54db70.jpg',233,237,333,484
'e284725ef2fbaca3.jpg',416,214,530,434
'e2a6092ea3ef2082.jpg',397,188,530,353
'e2cd7792ea1c58ae.jpg',416,188,548,340
'e2f4bdbe86d7168f.jpg',416,164,530,346
'e34cc250a163dd2d.jpg',370,283,484,489
'e34cc5e01e46bbee.jpg',452,224,557,461
'e39a45143c2f1897.jpg',397,195,507,350
'e45be2620362aa58.jpg',388,301,534,506
'e46970e14af979e0.jpg',489,161,603,311
'e4ef1fea954af4fd.jpg',461,125,585,290
'e512297b7273ff8c.jpg',321,352,417,534
'e51d85009fd9fa36.jpg',388,151,498,305
'e5247f7f2f25efcf.jpg',416,242,544,466
'e5557625a95fea5b.jpg',402,189,530,344
'e58c27feb6b203a3.jpg',438,185,544,356
'e59672556211d464.jpg',281,246,367,461
'e63755af6c2980d7.jpg',397,167,507,319
'e644622bdafc6970.jpg',411,166,530,319
'e73053a99b33fa3c.jpg',387,269,528,512
'e760749a167301ce.jpg',411,143,525,292
'e7cfc5a73c4fe28d.jpg',429,154,557,323
'e81823739cdd320d.jpg',393,185,525,366
'e8bffe3bddc3023c.jpg',384,198,516,363
'e8d8bc6fcd7db75e.jpg',416,146,521,295
'e8e4400a87d5b128.jpg',425,188,562,344
'e904add4dbcaa7e9.jpg',202,214,486,598
'e94e41288934592f.jpg',334,178,435,411
'e95d2940daeafa34.jpg',347,150,553,461
'e9af13bd0d7369b4.jpg',397,191,502,333
'ea9b73826fd24c3d.jpg',193,68,283,292
'eab8cdae6be07c39.jpg',262,260,327,475
'eae0df3e94c3a7ff.jpg',253,274,381,516
'eaff463528045d7e.jpg',434,174,566,339
'eb0003f831bcdc64.jpg',393,154,502,339
'eb00e4441d6a1da6.jpg',416,199,530,362
'eb0dd6b7c5ce9b6c.jpg',314,301,381,498
'eb25280411dd5f82.jpg',370,125,493,278
'eb4583fc059aeebc.jpg',434,152,557,311
'eb51c8593cef38e8.jpg',364,214,503,475
'eb8dc6fe009b49ce.jpg',336,297,421,507
'ebb6f92d1a2222e2.jpg',438,178,530,344
'ebd52793ca596d70.jpg',298,233,375,420
'ec43eae8b9f9cace.jpg',393,167,530,318
'ec9b5afa9aa0234f.jpg',429,168,553,322
'ecd0cd9be27880f7.jpg',388,333,534,544
'ecee91193898df3c.jpg',349,260,428,484
'ed282ba417a3a19a.jpg',429,209,530,360
'ed28e1e92f1321f7.jpg',374,125,566,338
'ed6245fde1390ba5.jpg',291,233,385,466
'ed6618ba07333f19.jpg',324,173,437,393
'ed69f2d08a81d891.jpg',299,242,394,443
'ed8078ee1db84edd.jpg',379,178,512,340
'edee7084093cd461.jpg',255,219,375,470
'ee08268192416d33.jpg',425,212,544,366
'ee399256b0b6fead.jpg',329,265,421,466
'ee83b50bfb4722d8.jpg',271,260,344,466
'eefa8319542f1d3c.jpg',379,139,530,316
'ef4e6fa0b7f6c51c.jpg',434,181,548,345
'efc562d95308b85c.jpg',254,301,345,534
'efcb051384e3ee7c.jpg',365,196,457,416
'f059711932d0e44b.jpg',416,97,681,405
'f0ddb5c6aa1f063e.jpg',416,144,672,425
'f1042ec9af7a7d3d.jpg',266,297,345,502
'f13ed51add5906dd.jpg',388,164,502,311
'f17066ce190b9b60.jpg',246,182,384,425
'f17b3a75763463de.jpg',480,146,589,289
'f1cafd8a74f31612.jpg',388,185,507,353
'f24cc71ad1717575.jpg',434,158,580,326
'f25ce8e79212bda7.jpg',301,256,393,484
'f27667bb50a53f1f.jpg',384,164,571,393
'f2c1a3080ac380f8.jpg',281,224,356,452
'f2f4ae3fd2eb57d5.jpg',325,196,438,434
'f3125123d5525622.jpg',393,162,566,308
'f35cdd22705bea07.jpg',281,237,375,443
'f4523ddfffb3a524.jpg',416,269,539,484
'f4897ee913121ac4.jpg',493,178,621,336
'f4b6ca1ff515142b.jpg',374,175,502,338
'f4bf9c4f92495acc.jpg',374,188,548,373
'f4cc9100e46e083b.jpg',530,195,763,538
'f570b76c57ad0875.jpg',397,146,525,295
'f5998a8639dcd065.jpg',361,157,539,348
'f5b458ee7280e2cb.jpg',214,27,608,511
'f5c0ab175c5df866.jpg',443,133,630,336
'f5eb9410028fd127.jpg',397,134,516,292
'f62ce7727000a6f7.jpg',383,347,496,557
'f630e1ca9d86ae49.jpg',290,306,392,498
'f63838930fad3fbd.jpg',306,242,388,452
'f68472f901de3c29.jpg',339,297,443,480
'f6a85f7ce18524ec.jpg',253,297,359,521
'f7341b8b9ad08229.jpg',306,173,452,402
'f746c88976dc38fa.jpg',361,136,566,361
'f7f3c009f803176d.jpg',438,137,566,313
'f7f51c5f4f6c4456.jpg',429,286,534,491
'f807e10d7d287476.jpg',425,82,672,433
'f83e97271cc645ff.jpg',304,292,381,493
'f9297c9aa29ef085.jpg',411,161,534,332
'f978895ffdd977b3.jpg',397,174,635,421
'f9b4e3c933318d33.jpg',397,147,525,312
'f9f384dd4df580cb.jpg',329,236,502,418
'fa6a2011d894308d.jpg',356,112,672,547
'fa6a4071a895abf1.jpg',361,150,603,498
'fa7ef0c3bffad540.jpg',397,219,516,373
'fb30e2799ae962bb.jpg',117,146,425,708
'fb6d894cb0e2d492.jpg',406,181,544,356
'fb99336a7c4b8a75.jpg',262,260,381,475
'fbb1a1046734bab9.jpg',448,174,571,356
'fbbd59c584d98843.jpg',267,219,380,448
'fbc0f2d9b4aad2b9.jpg',361,113,539,314
'fbd4827c63326b36.jpg',325,237,438,480
'fc0122d0e2743f26.jpg',379,122,512,290
'fc08e97c94d97519.jpg',379,149,489,298
'fc9689b0eeb3f54b.jpg',425,209,553,373
'fcb632a3c486ca51.jpg',420,155,544,311
'fd3202be8d401d34.jpg',434,155,530,304
'fd71b56ac13167c0.jpg',397,210,507,429
'fde1a85f55f007ca.jpg',370,157,530,356
'fdf92b7f052a5809.jpg',507,66,662,273
'fe4034efbe53c538.jpg',361,146,484,314
'fe5d852bdae11858.jpg',235,288,422,598
'fe7103f2aa82f0bb.jpg',293,118,534,534
'fe8f365fcab085f2.jpg',438,216,553,373
'fe9cf3df6ed93800.jpg',434,198,539,356
'feba57063bb17e54.jpg',438,179,548,322
'ff123520483fae54.jpg',420,260,580,498
'ff5881c59a17aa5a.jpg',429,136,539,281
'ff6110f246394e57.jpg',226,192,487,553
'ffa8b49252b089a0.jpg',281,269,378,475
'ffd15f4a3369cb88.jpg',361,133,498,313
'fffc367ed76f4765.jpg',305,233,397,438
